date,hour,trips
2014-04-01,0,138
2014-04-01,1,66
2014-04-01,2,53
2014-04-01,3,93
2014-04-01,4,166
2014-04-01,5,333
2014-04-01,6,722
2014-04-01,7,1001
2014-04-01,8,780
2014-04-01,9,532
2014-04-01,10,477
2014-04-01,11,547
2014-04-01,12,469
2014-04-01,13,591
2014-04-01,14,736
2014-04-01,15,967
2014-04-01,16,1152
2014-04-01,17,1262
2014-04-01,18,1122
2014-04-01,19,1018
2014-04-01,20,597
2014-04-01,21,878
2014-04-01,22,529
2014-04-01,23,317
2014-04-02,0,161
2014-04-02,1,82
2014-04-02,2,59
2014-04-02,3,80
2014-04-02,4,196
2014-04-02,5,344
2014-04-02,6,785
2014-04-02,7,1099
2014-04-02,8,927
2014-04-02,9,656
2014-04-02,10,658
2014-04-02,11,706
2014-04-02,12,632
2014-04-02,13,709
2014-04-02,14,868
2014-04-02,15,1138
2014-04-02,16,1313
2014-04-02,17,1600
2014-04-02,18,1252
2014-04-02,19,1086
2014-04-02,20,1143
2014-04-02,21,994
2014-04-02,22,638
2014-04-02,23,348
2014-04-03,0,194
2014-04-03,1,106
2014-04-03,2,66
2014-04-03,3,130
2014-04-03,4,193
2014-04-03,5,354
2014-04-03,6,750
2014-04-03,7,1022
2014-04-03,8,864
2014-04-03,9,591
2014-04-03,10,558
2014-04-03,11,549
2014-04-03,12,619
2014-04-03,13,766
2014-04-03,14,934
2014-04-03,15,1247
2014-04-03,16,1438
2014-04-03,17,1640
2014-04-03,18,1628
2014-04-03,19,1374
2014-04-03,20,1591
2014-04-03,21,1714
2014-04-03,22,1580
2014-04-03,23,793
2014-04-04,0,329
2014-04-04,1,184
2014-04-04,2,117
2014-04-04,3,154
2014-04-04,4,238
2014-04-04,5,381
2014-04-04,6,839
2014-04-04,7,1202
2014-04-04,8,1065
2014-04-04,9,769
2014-04-04,10,759
2014-04-04,11,819
2014-04-04,12,827
2014-04-04,13,994
2014-04-04,14,1190
2014-04-04,15,1504
2014-04-04,16,1865
2014-04-04,17,2280
2014-04-04,18,2449
2014-04-04,19,2133
2014-04-04,20,1489
2014-04-04,21,1929
2014-04-04,22,1859
2014-04-04,23,1339
2014-04-05,0,723
2014-04-05,1,416
2014-04-05,2,215
2014-04-05,3,181
2014-04-05,4,153
2014-04-05,5,177
2014-04-05,6,206
2014-04-05,7,279
2014-04-05,8,340
2014-04-05,9,450
2014-04-05,10,530
2014-04-05,11,542
2014-04-05,12,657
2014-04-05,13,647
2014-04-05,14,704
2014-04-05,15,1078
2014-04-05,16,1313
2014-04-05,17,1445
2014-04-05,18,1575
2014-04-05,19,1440
2014-04-05,20,1348
2014-04-05,21,1572
2014-04-05,22,1830
2014-04-05,23,1700
2014-04-06,0,1485
2014-04-06,1,940
2014-04-06,2,501
2014-04-06,3,315
2014-04-06,4,201
2014-04-06,5,177
2014-04-06,6,174
2014-04-06,7,226
2014-04-06,8,313
2014-04-06,9,441
2014-04-06,10,547
2014-04-06,11,563
2014-04-06,12,594
2014-04-06,13,677
2014-04-06,14,698
2014-04-06,15,847
2014-04-06,16,806
2014-04-06,17,799
2014-04-06,18,767
2014-04-06,19,641
2014-04-06,20,516
2014-04-06,21,571
2014-04-06,22,390
2014-04-06,23,256
2014-04-07,0,102
2014-04-07,1,63
2014-04-07,2,57
2014-04-07,3,154
2014-04-07,4,271
2014-04-07,5,388
2014-04-07,6,842
2014-04-07,7,1057
2014-04-07,8,836
2014-04-07,9,585
2014-04-07,10,509
2014-04-07,11,485
2014-04-07,12,463
2014-04-07,13,578
2014-04-07,14,861
2014-04-07,15,1061
2014-04-07,16,1756
2014-04-07,17,2191
2014-04-07,18,2137
2014-04-07,19,2035
2014-04-07,20,1176
2014-04-07,21,1059
2014-04-07,22,646
2014-04-07,23,238
2014-04-08,0,187
2014-04-08,1,72
2014-04-08,2,63
2014-04-08,3,119
2014-04-08,4,184
2014-04-08,5,427
2014-04-08,6,889
2014-04-08,7,1159
2014-04-08,8,1069
2014-04-08,9,611
2014-04-08,10,507
2014-04-08,11,548
2014-04-08,12,518
2014-04-08,13,584
2014-04-08,14,716
2014-04-08,15,996
2014-04-08,16,1206
2014-04-08,17,1386
2014-04-08,18,1062
2014-04-08,19,929
2014-04-08,20,1127
2014-04-08,21,944
2014-04-08,22,587
2014-04-08,23,298
2014-04-09,0,154
2014-04-09,1,106
2014-04-09,2,76
2014-04-09,3,139
2014-04-09,4,194
2014-04-09,5,353
2014-04-09,6,821
2014-04-09,7,1050
2014-04-09,8,858
2014-04-09,9,565
2014-04-09,10,533
2014-04-09,11,552
2014-04-09,12,590
2014-04-09,13,683
2014-04-09,14,849
2014-04-09,15,1120
2014-04-09,16,1276
2014-04-09,17,1492
2014-04-09,18,1218
2014-04-09,19,1152
2014-04-09,20,995
2014-04-09,21,988
2014-04-09,22,717
2014-04-09,23,362
2014-04-10,0,176
2014-04-10,1,106
2014-04-10,2,72
2014-04-10,3,154
2014-04-10,4,223
2014-04-10,5,360
2014-04-10,6,833
2014-04-10,7,971
2014-04-10,8,834
2014-04-10,9,654
2014-04-10,10,561
2014-04-10,11,627
2014-04-10,12,623
2014-04-10,13,822
2014-04-10,14,1056
2014-04-10,15,1333
2014-04-10,16,1553
2014-04-10,17,1757
2014-04-10,18,1535
2014-04-10,19,1312
2014-04-10,20,1461
2014-04-10,21,1477
2014-04-10,22,969
2014-04-10,23,572
2014-04-11,0,250
2014-04-11,1,161
2014-04-11,2,109
2014-04-11,3,197
2014-04-11,4,228
2014-04-11,5,337
2014-04-11,6,800
2014-04-11,7,1041
2014-04-11,8,926
2014-04-11,9,606
2014-04-11,10,631
2014-04-11,11,664
2014-04-11,12,702
2014-04-11,13,880
2014-04-11,14,893
2014-04-11,15,1266
2014-04-11,16,1432
2014-04-11,17,1591
2014-04-11,18,1518
2014-04-11,19,1357
2014-04-11,20,1155
2014-04-11,21,1180
2014-04-11,22,1382
2014-04-11,23,1114
2014-04-12,0,666
2014-04-12,1,458
2014-04-12,2,272
2014-04-12,3,178
2014-04-12,4,159
2014-04-12,5,170
2014-04-12,6,200
2014-04-12,7,255
2014-04-12,8,344
2014-04-12,9,409
2014-04-12,10,514
2014-04-12,11,544
2014-04-12,12,611
2014-04-12,13,628
2014-04-12,14,715
2014-04-12,15,1083
2014-04-12,16,1292
2014-04-12,17,1230
2014-04-12,18,1617
2014-04-12,19,1271
2014-04-12,20,1063
2014-04-12,21,1382
2014-04-12,22,1648
2014-04-12,23,1461
2014-04-13,0,1130
2014-04-13,1,670
2014-04-13,2,337
2014-04-13,3,236
2014-04-13,4,155
2014-04-13,5,130
2014-04-13,6,179
2014-04-13,7,217
2014-04-13,8,294
2014-04-13,9,439
2014-04-13,10,489
2014-04-13,11,581
2014-04-13,12,580
2014-04-13,13,652
2014-04-13,14,740
2014-04-13,15,812
2014-04-13,16,878
2014-04-13,17,775
2014-04-13,18,647
2014-04-13,19,554
2014-04-13,20,490
2014-04-13,21,514
2014-04-13,22,385
2014-04-13,23,228
2014-04-14,0,119
2014-04-14,1,48
2014-04-14,2,45
2014-04-14,3,122
2014-04-14,4,208
2014-04-14,5,378
2014-04-14,6,682
2014-04-14,7,911
2014-04-14,8,730
2014-04-14,9,491
2014-04-14,10,443
2014-04-14,11,443
2014-04-14,12,494
2014-04-14,13,538
2014-04-14,14,722
2014-04-14,15,944
2014-04-14,16,1030
2014-04-14,17,965
2014-04-14,18,721
2014-04-14,19,643
2014-04-14,20,677
2014-04-14,21,620
2014-04-14,22,443
2014-04-14,23,257
2014-04-15,0,137
2014-04-15,1,71
2014-04-15,2,61
2014-04-15,3,104
2014-04-15,4,141
2014-04-15,5,277
2014-04-15,6,564
2014-04-15,7,992
2014-04-15,8,921
2014-04-15,9,663
2014-04-15,10,727
2014-04-15,11,741
2014-04-15,12,688
2014-04-15,13,798
2014-04-15,14,881
2014-04-15,15,1012
2014-04-15,16,1580
2014-04-15,17,1767
2014-04-15,18,1702
2014-04-15,19,1743
2014-04-15,20,1802
2014-04-15,21,1629
2014-04-15,22,1076
2014-04-15,23,564
2014-04-16,0,216
2014-04-16,1,97
2014-04-16,2,72
2014-04-16,3,122
2014-04-16,4,168
2014-04-16,5,330
2014-04-16,6,695
2014-04-16,7,938
2014-04-16,8,904
2014-04-16,9,646
2014-04-16,10,557
2014-04-16,11,583
2014-04-16,12,589
2014-04-16,13,675
2014-04-16,14,843
2014-04-16,15,1127
2014-04-16,16,1418
2014-04-16,17,1514
2014-04-16,18,1310
2014-04-16,19,1187
2014-04-16,20,1220
2014-04-16,21,1238
2014-04-16,22,778
2014-04-16,23,490
2014-04-17,0,227
2014-04-17,1,108
2014-04-17,2,101
2014-04-17,3,131
2014-04-17,4,210
2014-04-17,5,347
2014-04-17,6,766
2014-04-17,7,1052
2014-04-17,8,898
2014-04-17,9,656
2014-04-17,10,611
2014-04-17,11,665
2014-04-17,12,706
2014-04-17,13,849
2014-04-17,14,983
2014-04-17,15,1179
2014-04-17,16,1478
2014-04-17,17,1637
2014-04-17,18,1680
2014-04-17,19,1541
2014-04-17,20,1514
2014-04-17,21,1529
2014-04-17,22,1331
2014-04-17,23,774
2014-04-18,0,438
2014-04-18,1,222
2014-04-18,2,148
2014-04-18,3,208
2014-04-18,4,228
2014-04-18,5,292
2014-04-18,6,401
2014-04-18,7,646
2014-04-18,8,720
2014-04-18,9,640
2014-04-18,10,558
2014-04-18,11,634
2014-04-18,12,665
2014-04-18,13,770
2014-04-18,14,877
2014-04-18,15,1139
2014-04-18,16,1276
2014-04-18,17,1165
2014-04-18,18,1344
2014-04-18,19,1147
2014-04-18,20,1055
2014-04-18,21,1149
2014-04-18,22,1326
2014-04-18,23,1026
2014-04-19,0,635
2014-04-19,1,443
2014-04-19,2,301
2014-04-19,3,223
2014-04-19,4,151
2014-04-19,5,154
2014-04-19,6,176
2014-04-19,7,221
2014-04-19,8,290
2014-04-19,9,386
2014-04-19,10,464
2014-04-19,11,542
2014-04-19,12,603
2014-04-19,13,616
2014-04-19,14,677
2014-04-19,15,912
2014-04-19,16,1014
2014-04-19,17,979
2014-04-19,18,1036
2014-04-19,19,1004
2014-04-19,20,828
2014-04-19,21,992
2014-04-19,22,1105
2014-04-19,23,850
2014-04-20,0,544
2014-04-20,1,433
2014-04-20,2,275
2014-04-20,3,209
2014-04-20,4,149
2014-04-20,5,118
2014-04-20,6,126
2014-04-20,7,183
2014-04-20,8,291
2014-04-20,9,431
2014-04-20,10,509
2014-04-20,11,579
2014-04-20,12,619
2014-04-20,13,642
2014-04-20,14,604
2014-04-20,15,727
2014-04-20,16,735
2014-04-20,17,618
2014-04-20,18,664
2014-04-20,19,696
2014-04-20,20,631
2014-04-20,21,596
2014-04-20,22,404
2014-04-20,23,234
2014-04-21,0,113
2014-04-21,1,66
2014-04-21,2,58
2014-04-21,3,131
2014-04-21,4,267
2014-04-21,5,398
2014-04-21,6,674
2014-04-21,7,915
2014-04-21,8,711
2014-04-21,9,522
2014-04-21,10,440
2014-04-21,11,461
2014-04-21,12,443
2014-04-21,13,543
2014-04-21,14,718
2014-04-21,15,836
2014-04-21,16,1013
2014-04-21,17,1063
2014-04-21,18,871
2014-04-21,19,836
2014-04-21,20,734
2014-04-21,21,615
2014-04-21,22,443
2014-04-21,23,291
2014-04-22,0,150
2014-04-22,1,62
2014-04-22,2,61
2014-04-22,3,88
2014-04-22,4,207
2014-04-22,5,327
2014-04-22,6,719
2014-04-22,7,945
2014-04-22,8,802
2014-04-22,9,506
2014-04-22,10,550
2014-04-22,11,522
2014-04-22,12,505
2014-04-22,13,613
2014-04-22,14,834
2014-04-22,15,1374
2014-04-22,16,1629
2014-04-22,17,1612
2014-04-22,18,1342
2014-04-22,19,1115
2014-04-22,20,1118
2014-04-22,21,967
2014-04-22,22,614
2014-04-22,23,313
2014-04-23,0,149
2014-04-23,1,92
2014-04-23,2,64
2014-04-23,3,90
2014-04-23,4,212
2014-04-23,5,383
2014-04-23,6,795
2014-04-23,7,1088
2014-04-23,8,946
2014-04-23,9,630
2014-04-23,10,694
2014-04-23,11,659
2014-04-23,12,684
2014-04-23,13,782
2014-04-23,14,991
2014-04-23,15,1280
2014-04-23,16,1550
2014-04-23,17,1744
2014-04-23,18,1516
2014-04-23,19,1535
2014-04-23,20,1659
2014-04-23,21,1393
2014-04-23,22,934
2014-04-23,23,476
2014-04-24,0,195
2014-04-24,1,139
2014-04-24,2,103
2014-04-24,3,152
2014-04-24,4,235
2014-04-24,5,393
2014-04-24,6,830
2014-04-24,7,1114
2014-04-24,8,1020
2014-04-24,9,753
2014-04-24,10,640
2014-04-24,11,675
2014-04-24,12,709
2014-04-24,13,864
2014-04-24,14,1110
2014-04-24,15,1423
2014-04-24,16,1680
2014-04-24,17,1917
2014-04-24,18,1794
2014-04-24,19,1702
2014-04-24,20,1779
2014-04-24,21,1865
2014-04-24,22,1490
2014-04-24,23,770
2014-04-25,0,350
2014-04-25,1,193
2014-04-25,2,139
2014-04-25,3,177
2014-04-25,4,238
2014-04-25,5,372
2014-04-25,6,796
2014-04-25,7,1054
2014-04-25,8,937
2014-04-25,9,717
2014-04-25,10,651
2014-04-25,11,699
2014-04-25,12,784
2014-04-25,13,891
2014-04-25,14,1127
2014-04-25,15,1445
2014-04-25,16,1686
2014-04-25,17,1754
2014-04-25,18,1947
2014-04-25,19,1610
2014-04-25,20,1466
2014-04-25,21,2007
2014-04-25,22,2141
2014-04-25,23,1914
2014-04-26,0,1003
2014-04-26,1,1162
2014-04-26,2,789
2014-04-26,3,431
2014-04-26,4,243
2014-04-26,5,203
2014-04-26,6,262
2014-04-26,7,355
2014-04-26,8,398
2014-04-26,9,519
2014-04-26,10,578
2014-04-26,11,687
2014-04-26,12,689
2014-04-26,13,794
2014-04-26,14,946
2014-04-26,15,1384
2014-04-26,16,1791
2014-04-26,17,1904
2014-04-26,18,1937
2014-04-26,19,1814
2014-04-26,20,1553
2014-04-26,21,1865
2014-04-26,22,1910
2014-04-26,23,1708
2014-04-27,0,1383
2014-04-27,1,893
2014-04-27,2,477
2014-04-27,3,292
2014-04-27,4,180
2014-04-27,5,168
2014-04-27,6,190
2014-04-27,7,247
2014-04-27,8,335
2014-04-27,9,459
2014-04-27,10,568
2014-04-27,11,637
2014-04-27,12,685
2014-04-27,13,792
2014-04-27,14,892
2014-04-27,15,1014
2014-04-27,16,1070
2014-04-27,17,962
2014-04-27,18,717
2014-04-27,19,688
2014-04-27,20,639
2014-04-27,21,629
2014-04-27,22,460
2014-04-27,23,300
2014-04-28,0,184
2014-04-28,1,84
2014-04-28,2,78
2014-04-28,3,164
2014-04-28,4,275
2014-04-28,5,455
2014-04-28,6,776
2014-04-28,7,1005
2014-04-28,8,861
2014-04-28,9,613
2014-04-28,10,561
2014-04-28,11,540
2014-04-28,12,545
2014-04-28,13,635
2014-04-28,14,816
2014-04-28,15,977
2014-04-28,16,1163
2014-04-28,17,1355
2014-04-28,18,996
2014-04-28,19,872
2014-04-28,20,986
2014-04-28,21,785
2014-04-28,22,444
2014-04-28,23,305
2014-04-29,0,153
2014-04-29,1,96
2014-04-29,2,66
2014-04-29,3,112
2014-04-29,4,189
2014-04-29,5,370
2014-04-29,6,872
2014-04-29,7,1207
2014-04-29,8,1022
2014-04-29,9,650
2014-04-29,10,639
2014-04-29,11,591
2014-04-29,12,639
2014-04-29,13,970
2014-04-29,14,1322
2014-04-29,15,1693
2014-04-29,16,1954
2014-04-29,17,2270
2014-04-29,18,1861
2014-04-29,19,1654
2014-04-29,20,1666
2014-04-29,21,1575
2014-04-29,22,808
2014-04-29,23,456
2014-04-30,0,219
2014-04-30,1,130
2014-04-30,2,100
2014-04-30,3,154
2014-04-30,4,233
2014-04-30,5,580
2014-04-30,6,1134
2014-04-30,7,1472
2014-04-30,8,1607
2014-04-30,9,1349
2014-04-30,10,1402
2014-04-30,11,1389
2014-04-30,12,1493
2014-04-30,13,1620
2014-04-30,14,1887
2014-04-30,15,2406
2014-04-30,16,2656
2014-04-30,17,2801
2014-04-30,18,3038
2014-04-30,19,2834
2014-04-30,20,2766
2014-04-30,21,2308
2014-04-30,22,1778
2014-04-30,23,895
2014-06-01,0,1112
2014-06-01,1,685
2014-06-01,2,396
2014-06-01,3,281
2014-06-01,4,155
2014-06-01,5,165
2014-06-01,6,200
2014-06-01,7,265
2014-06-01,8,386
2014-06-01,9,500
2014-06-01,10,638
2014-06-01,11,740
2014-06-01,12,807
2014-06-01,13,913
2014-06-01,14,997
2014-06-01,15,1092
2014-06-01,16,1169
2014-06-01,17,1113
2014-06-01,18,983
2014-06-01,19,814
2014-06-01,20,807
2014-06-01,21,849
2014-06-01,22,602
2014-06-01,23,298
2014-06-02,0,186
2014-06-02,1,72
2014-06-02,2,59
2014-06-02,3,167
2014-06-02,4,305
2014-06-02,5,500
2014-06-02,6,915
2014-06-02,7,1103
2014-06-02,8,982
2014-06-02,9,603
2014-06-02,10,628
2014-06-02,11,637
2014-06-02,12,683
2014-06-02,13,713
2014-06-02,14,1018
2014-06-02,15,1112
2014-06-02,16,1337
2014-06-02,17,1443
2014-06-02,18,1093
2014-06-02,19,1009
2014-06-02,20,1037
2014-06-02,21,914
2014-06-02,22,634
2014-06-02,23,353
2014-06-03,0,187
2014-06-03,1,87
2014-06-03,2,59
2014-06-03,3,105
2014-06-03,4,180
2014-06-03,5,372
2014-06-03,6,950
2014-06-03,7,1199
2014-06-03,8,982
2014-06-03,9,722
2014-06-03,10,746
2014-06-03,11,737
2014-06-03,12,793
2014-06-03,13,962
2014-06-03,14,1216
2014-06-03,15,1432
2014-06-03,16,2142
2014-06-03,17,2471
2014-06-03,18,2026
2014-06-03,19,1369
2014-06-03,20,1406
2014-06-03,21,1257
2014-06-03,22,833
2014-06-03,23,441
2014-06-04,0,213
2014-06-04,1,106
2014-06-04,2,90
2014-06-04,3,144
2014-06-04,4,216
2014-06-04,5,365
2014-06-04,6,936
2014-06-04,7,1295
2014-06-04,8,1024
2014-06-04,9,827
2014-06-04,10,764
2014-06-04,11,758
2014-06-04,12,768
2014-06-04,13,922
2014-06-04,14,1214
2014-06-04,15,1584
2014-06-04,16,1914
2014-06-04,17,1948
2014-06-04,18,1558
2014-06-04,19,1385
2014-06-04,20,1526
2014-06-04,21,1464
2014-06-04,22,1302
2014-06-04,23,508
2014-06-05,0,277
2014-06-05,1,147
2014-06-05,2,128
2014-06-05,3,182
2014-06-05,4,281
2014-06-05,5,706
2014-06-05,6,1421
2014-06-05,7,1762
2014-06-05,8,1770
2014-06-05,9,1449
2014-06-05,10,1105
2014-06-05,11,941
2014-06-05,12,862
2014-06-05,13,1018
2014-06-05,14,1262
2014-06-05,15,1604
2014-06-05,16,1850
2014-06-05,17,2057
2014-06-05,18,1678
2014-06-05,19,1497
2014-06-05,20,1753
2014-06-05,21,1966
2014-06-05,22,1710
2014-06-05,23,945
2014-06-06,0,440
2014-06-06,1,249
2014-06-06,2,167
2014-06-06,3,190
2014-06-06,4,291
2014-06-06,5,419
2014-06-06,6,875
2014-06-06,7,1150
2014-06-06,8,1075
2014-06-06,9,768
2014-06-06,10,832
2014-06-06,11,917
2014-06-06,12,953
2014-06-06,13,1088
2014-06-06,14,1338
2014-06-06,15,1596
2014-06-06,16,1818
2014-06-06,17,1771
2014-06-06,18,1602
2014-06-06,19,1270
2014-06-06,20,1197
2014-06-06,21,1477
2014-06-06,22,1684
2014-06-06,23,1516
2014-06-07,0,940
2014-06-07,1,551
2014-06-07,2,328
2014-06-07,3,275
2014-06-07,4,186
2014-06-07,5,186
2014-06-07,6,290
2014-06-07,7,354
2014-06-07,8,508
2014-06-07,9,634
2014-06-07,10,744
2014-06-07,11,821
2014-06-07,12,915
2014-06-07,13,990
2014-06-07,14,1018
2014-06-07,15,1173
2014-06-07,16,1388
2014-06-07,17,1238
2014-06-07,18,1335
2014-06-07,19,1023
2014-06-07,20,1161
2014-06-07,21,1403
2014-06-07,22,1782
2014-06-07,23,1646
2014-06-08,0,1056
2014-06-08,1,656
2014-06-08,2,409
2014-06-08,3,306
2014-06-08,4,189
2014-06-08,5,173
2014-06-08,6,210
2014-06-08,7,282
2014-06-08,8,340
2014-06-08,9,516
2014-06-08,10,620
2014-06-08,11,711
2014-06-08,12,853
2014-06-08,13,892
2014-06-08,14,1011
2014-06-08,15,1090
2014-06-08,16,1146
2014-06-08,17,955
2014-06-08,18,852
2014-06-08,19,747
2014-06-08,20,759
2014-06-08,21,787
2014-06-08,22,750
2014-06-08,23,439
2014-06-09,0,237
2014-06-09,1,114
2014-06-09,2,95
2014-06-09,3,246
2014-06-09,4,414
2014-06-09,5,731
2014-06-09,6,1367
2014-06-09,7,1788
2014-06-09,8,1907
2014-06-09,9,1527
2014-06-09,10,1098
2014-06-09,11,903
2014-06-09,12,782
2014-06-09,13,903
2014-06-09,14,1037
2014-06-09,15,1249
2014-06-09,16,1471
2014-06-09,17,1728
2014-06-09,18,1382
2014-06-09,19,1125
2014-06-09,20,1067
2014-06-09,21,1027
2014-06-09,22,643
2014-06-09,23,403
2014-06-10,0,196
2014-06-10,1,111
2014-06-10,2,83
2014-06-10,3,119
2014-06-10,4,247
2014-06-10,5,460
2014-06-10,6,999
2014-06-10,7,1427
2014-06-10,8,1246
2014-06-10,9,798
2014-06-10,10,756
2014-06-10,11,848
2014-06-10,12,801
2014-06-10,13,933
2014-06-10,14,1217
2014-06-10,15,1545
2014-06-10,16,1836
2014-06-10,17,2008
2014-06-10,18,1535
2014-06-10,19,1293
2014-06-10,20,1510
2014-06-10,21,1458
2014-06-10,22,916
2014-06-10,23,532
2014-06-11,0,258
2014-06-11,1,146
2014-06-11,2,101
2014-06-11,3,153
2014-06-11,4,240
2014-06-11,5,497
2014-06-11,6,1149
2014-06-11,7,1566
2014-06-11,8,1442
2014-06-11,9,988
2014-06-11,10,853
2014-06-11,11,871
2014-06-11,12,877
2014-06-11,13,1104
2014-06-11,14,1390
2014-06-11,15,1616
2014-06-11,16,1826
2014-06-11,17,1981
2014-06-11,18,1745
2014-06-11,19,1602
2014-06-11,20,1642
2014-06-11,21,1620
2014-06-11,22,1366
2014-06-11,23,683
2014-06-12,0,304
2014-06-12,1,178
2014-06-12,2,106
2014-06-12,3,187
2014-06-12,4,271
2014-06-12,5,484
2014-06-12,6,1061
2014-06-12,7,1560
2014-06-12,8,1419
2014-06-12,9,1006
2014-06-12,10,918
2014-06-12,11,926
2014-06-12,12,1036
2014-06-12,13,1219
2014-06-12,14,1486
2014-06-12,15,1812
2014-06-12,16,2001
2014-06-12,17,2293
2014-06-12,18,2281
2014-06-12,19,2012
2014-06-12,20,2075
2014-06-12,21,1969
2014-06-12,22,1914
2014-06-12,23,1326
2014-06-13,0,509
2014-06-13,1,319
2014-06-13,2,203
2014-06-13,3,267
2014-06-13,4,374
2014-06-13,5,528
2014-06-13,6,1030
2014-06-13,7,1639
2014-06-13,8,1837
2014-06-13,9,1516
2014-06-13,10,1067
2014-06-13,11,1015
2014-06-13,12,1019
2014-06-13,13,1114
2014-06-13,14,1342
2014-06-13,15,1639
2014-06-13,16,2022
2014-06-13,17,2986
2014-06-13,18,3156
2014-06-13,19,2159
2014-06-13,20,1429
2014-06-13,21,1436
2014-06-13,22,1339
2014-06-13,23,1262
2014-06-14,0,769
2014-06-14,1,504
2014-06-14,2,315
2014-06-14,3,330
2014-06-14,4,196
2014-06-14,5,231
2014-06-14,6,320
2014-06-14,7,369
2014-06-14,8,448
2014-06-14,9,608
2014-06-14,10,679
2014-06-14,11,739
2014-06-14,12,749
2014-06-14,13,806
2014-06-14,14,892
2014-06-14,15,1165
2014-06-14,16,1503
2014-06-14,17,1215
2014-06-14,18,1147
2014-06-14,19,1114
2014-06-14,20,1096
2014-06-14,21,1282
2014-06-14,22,1513
2014-06-14,23,1337
2014-06-15,0,864
2014-06-15,1,577
2014-06-15,2,421
2014-06-15,3,283
2014-06-15,4,190
2014-06-15,5,194
2014-06-15,6,198
2014-06-15,7,243
2014-06-15,8,354
2014-06-15,9,497
2014-06-15,10,627
2014-06-15,11,674
2014-06-15,12,772
2014-06-15,13,811
2014-06-15,14,857
2014-06-15,15,916
2014-06-15,16,941
2014-06-15,17,901
2014-06-15,18,829
2014-06-15,19,812
2014-06-15,20,791
2014-06-15,21,825
2014-06-15,22,604
2014-06-15,23,330
2014-06-16,0,122
2014-06-16,1,87
2014-06-16,2,68
2014-06-16,3,188
2014-06-16,4,330
2014-06-16,5,516
2014-06-16,6,802
2014-06-16,7,1170
2014-06-16,8,969
2014-06-16,9,672
2014-06-16,10,640
2014-06-16,11,692
2014-06-16,12,663
2014-06-16,13,752
2014-06-16,14,933
2014-06-16,15,1115
2014-06-16,16,1498
2014-06-16,17,1408
2014-06-16,18,965
2014-06-16,19,1103
2014-06-16,20,1092
2014-06-16,21,976
2014-06-16,22,628
2014-06-16,23,389
2014-06-17,0,170
2014-06-17,1,107
2014-06-17,2,78
2014-06-17,3,136
2014-06-17,4,223
2014-06-17,5,403
2014-06-17,6,806
2014-06-17,7,1263
2014-06-17,8,1066
2014-06-17,9,759
2014-06-17,10,687
2014-06-17,11,754
2014-06-17,12,806
2014-06-17,13,1011
2014-06-17,14,1216
2014-06-17,15,1479
2014-06-17,16,1646
2014-06-17,17,1812
2014-06-17,18,1625
2014-06-17,19,1369
2014-06-17,20,1554
2014-06-17,21,1409
2014-06-17,22,928
2014-06-17,23,500
2014-06-18,0,249
2014-06-18,1,138
2014-06-18,2,100
2014-06-18,3,168
2014-06-18,4,219
2014-06-18,5,428
2014-06-18,6,859
2014-06-18,7,1317
2014-06-18,8,1139
2014-06-18,9,875
2014-06-18,10,912
2014-06-18,11,951
2014-06-18,12,944
2014-06-18,13,1112
2014-06-18,14,1319
2014-06-18,15,1703
2014-06-18,16,1911
2014-06-18,17,2090
2014-06-18,18,1729
2014-06-18,19,1351
2014-06-18,20,1711
2014-06-18,21,1625
2014-06-18,22,1186
2014-06-18,23,611
2014-06-19,0,351
2014-06-19,1,151
2014-06-19,2,119
2014-06-19,3,175
2014-06-19,4,272
2014-06-19,5,448
2014-06-19,6,950
2014-06-19,7,1349
2014-06-19,8,1225
2014-06-19,9,914
2014-06-19,10,920
2014-06-19,11,895
2014-06-19,12,1033
2014-06-19,13,1368
2014-06-19,14,1386
2014-06-19,15,1757
2014-06-19,16,1920
2014-06-19,17,2124
2014-06-19,18,1909
2014-06-19,19,1899
2014-06-19,20,2513
2014-06-19,21,2197
2014-06-19,22,1773
2014-06-19,23,946
2014-06-20,0,412
2014-06-20,1,264
2014-06-20,2,147
2014-06-20,3,232
2014-06-20,4,277
2014-06-20,5,431
2014-06-20,6,787
2014-06-20,7,1091
2014-06-20,8,1138
2014-06-20,9,777
2014-06-20,10,762
2014-06-20,11,905
2014-06-20,12,885
2014-06-20,13,1103
2014-06-20,14,1254
2014-06-20,15,1572
2014-06-20,16,1681
2014-06-20,17,1693
2014-06-20,18,1570
2014-06-20,19,1320
2014-06-20,20,1306
2014-06-20,21,1523
2014-06-20,22,1743
2014-06-20,23,1398
2014-06-21,0,905
2014-06-21,1,623
2014-06-21,2,401
2014-06-21,3,310
2014-06-21,4,224
2014-06-21,5,211
2014-06-21,6,235
2014-06-21,7,306
2014-06-21,8,469
2014-06-21,9,537
2014-06-21,10,702
2014-06-21,11,740
2014-06-21,12,745
2014-06-21,13,832
2014-06-21,14,914
2014-06-21,15,1083
2014-06-21,16,1446
2014-06-21,17,1231
2014-06-21,18,1364
2014-06-21,19,1075
2014-06-21,20,1128
2014-06-21,21,1421
2014-06-21,22,1652
2014-06-21,23,1386
2014-06-22,0,998
2014-06-22,1,687
2014-06-22,2,453
2014-06-22,3,321
2014-06-22,4,184
2014-06-22,5,207
2014-06-22,6,210
2014-06-22,7,239
2014-06-22,8,391
2014-06-22,9,529
2014-06-22,10,635
2014-06-22,11,743
2014-06-22,12,844
2014-06-22,13,862
2014-06-22,14,921
2014-06-22,15,1146
2014-06-22,16,1304
2014-06-22,17,1008
2014-06-22,18,712
2014-06-22,19,1021
2014-06-22,20,867
2014-06-22,21,917
2014-06-22,22,755
2014-06-22,23,368
2014-06-23,0,157
2014-06-23,1,101
2014-06-23,2,80
2014-06-23,3,225
2014-06-23,4,363
2014-06-23,5,555
2014-06-23,6,822
2014-06-23,7,1122
2014-06-23,8,993
2014-06-23,9,699
2014-06-23,10,632
2014-06-23,11,632
2014-06-23,12,706
2014-06-23,13,789
2014-06-23,14,971
2014-06-23,15,1165
2014-06-23,16,1321
2014-06-23,17,1407
2014-06-23,18,1150
2014-06-23,19,928
2014-06-23,20,988
2014-06-23,21,901
2014-06-23,22,662
2014-06-23,23,366
2014-06-24,0,169
2014-06-24,1,110
2014-06-24,2,71
2014-06-24,3,147
2014-06-24,4,234
2014-06-24,5,445
2014-06-24,6,756
2014-06-24,7,1175
2014-06-24,8,1044
2014-06-24,9,796
2014-06-24,10,706
2014-06-24,11,734
2014-06-24,12,765
2014-06-24,13,860
2014-06-24,14,1090
2014-06-24,15,1346
2014-06-24,16,1600
2014-06-24,17,1821
2014-06-24,18,1392
2014-06-24,19,1240
2014-06-24,20,1450
2014-06-24,21,1344
2014-06-24,22,977
2014-06-24,23,507
2014-06-25,0,276
2014-06-25,1,132
2014-06-25,2,103
2014-06-25,3,179
2014-06-25,4,262
2014-06-25,5,427
2014-06-25,6,889
2014-06-25,7,1449
2014-06-25,8,1188
2014-06-25,9,877
2014-06-25,10,879
2014-06-25,11,872
2014-06-25,12,973
2014-06-25,13,1055
2014-06-25,14,1363
2014-06-25,15,1658
2014-06-25,16,1979
2014-06-25,17,2176
2014-06-25,18,2335
2014-06-25,19,1645
2014-06-25,20,1760
2014-06-25,21,1816
2014-06-25,22,1274
2014-06-25,23,893
2014-06-26,0,431
2014-06-26,1,275
2014-06-26,2,126
2014-06-26,3,207
2014-06-26,4,292
2014-06-26,5,470
2014-06-26,6,923
2014-06-26,7,1322
2014-06-26,8,1283
2014-06-26,9,988
2014-06-26,10,1037
2014-06-26,11,900
2014-06-26,12,941
2014-06-26,13,1176
2014-06-26,14,1454
2014-06-26,15,1758
2014-06-26,16,1889
2014-06-26,17,2214
2014-06-26,18,2078
2014-06-26,19,1828
2014-06-26,20,2028
2014-06-26,21,2086
2014-06-26,22,1758
2014-06-26,23,1052
2014-06-27,0,475
2014-06-27,1,280
2014-06-27,2,170
2014-06-27,3,263
2014-06-27,4,306
2014-06-27,5,460
2014-06-27,6,773
2014-06-27,7,1242
2014-06-27,8,1119
2014-06-27,9,873
2014-06-27,10,822
2014-06-27,11,957
2014-06-27,12,961
2014-06-27,13,1076
2014-06-27,14,1311
2014-06-27,15,1598
2014-06-27,16,1746
2014-06-27,17,1691
2014-06-27,18,1614
2014-06-27,19,1265
2014-06-27,20,1233
2014-06-27,21,1554
2014-06-27,22,1688
2014-06-27,23,1418
2014-06-28,0,936
2014-06-28,1,684
2014-06-28,2,431
2014-06-28,3,383
2014-06-28,4,238
2014-06-28,5,283
2014-06-28,6,292
2014-06-28,7,362
2014-06-28,8,477
2014-06-28,9,664
2014-06-28,10,781
2014-06-28,11,747
2014-06-28,12,819
2014-06-28,13,838
2014-06-28,14,1103
2014-06-28,15,1373
2014-06-28,16,1433
2014-06-28,17,1289
2014-06-28,18,1290
2014-06-28,19,1081
2014-06-28,20,1190
2014-06-28,21,1428
2014-06-28,22,1594
2014-06-28,23,1492
2014-06-29,0,1105
2014-06-29,1,888
2014-06-29,2,764
2014-06-29,3,545
2014-06-29,4,242
2014-06-29,5,215
2014-06-29,6,237
2014-06-29,7,270
2014-06-29,8,430
2014-06-29,9,616
2014-06-29,10,709
2014-06-29,11,697
2014-06-29,12,733
2014-06-29,13,867
2014-06-29,14,927
2014-06-29,15,1091
2014-06-29,16,1068
2014-06-29,17,1060
2014-06-29,18,927
2014-06-29,19,769
2014-06-29,20,862
2014-06-29,21,907
2014-06-29,22,741
2014-06-29,23,437
2014-06-30,0,210
2014-06-30,1,138
2014-06-30,2,118
2014-06-30,3,223
2014-06-30,4,300
2014-06-30,5,445
2014-06-30,6,768
2014-06-30,7,1155
2014-06-30,8,1120
2014-06-30,9,763
2014-06-30,10,685
2014-06-30,11,698
2014-06-30,12,745
2014-06-30,13,848
2014-06-30,14,971
2014-06-30,15,1117
2014-06-30,16,1356
2014-06-30,17,1320
2014-06-30,18,1151
2014-06-30,19,1078
2014-06-30,20,1170
2014-06-30,21,953
2014-06-30,22,663
2014-06-30,23,400
2014-07-01,0,216
2014-07-01,1,111
2014-07-01,2,82
2014-07-01,3,134
2014-07-01,4,223
2014-07-01,5,348
2014-07-01,6,715
2014-07-01,7,1196
2014-07-01,8,1076
2014-07-01,9,885
2014-07-01,10,811
2014-07-01,11,795
2014-07-01,12,920
2014-07-01,13,1040
2014-07-01,14,1450
2014-07-01,15,1396
2014-07-01,16,1260
2014-07-01,17,1858
2014-07-01,18,1468
2014-07-01,19,1359
2014-07-01,20,1394
2014-07-01,21,1263
2014-07-01,22,798
2014-07-01,23,430
2014-07-02,0,239
2014-07-02,1,140
2014-07-02,2,123
2014-07-02,3,187
2014-07-02,4,256
2014-07-02,5,383
2014-07-02,6,761
2014-07-02,7,1305
2014-07-02,8,1152
2014-07-02,9,826
2014-07-02,10,844
2014-07-02,11,877
2014-07-02,12,932
2014-07-02,13,1063
2014-07-02,14,1203
2014-07-02,15,1528
2014-07-02,16,2159
2014-07-02,17,2479
2014-07-02,18,2946
2014-07-02,19,2317
2014-07-02,20,1701
2014-07-02,21,1528
2014-07-02,22,945
2014-07-02,23,586
2014-07-03,0,359
2014-07-03,1,194
2014-07-03,2,128
2014-07-03,3,248
2014-07-03,4,321
2014-07-03,5,421
2014-07-03,6,680
2014-07-03,7,1103
2014-07-03,8,1004
2014-07-03,9,787
2014-07-03,10,746
2014-07-03,11,904
2014-07-03,12,1027
2014-07-03,13,1115
2014-07-03,14,1309
2014-07-03,15,1427
2014-07-03,16,1267
2014-07-03,17,1073
2014-07-03,18,1850
2014-07-03,19,2020
2014-07-03,20,1290
2014-07-03,21,890
2014-07-03,22,775
2014-07-03,23,659
2014-07-04,0,454
2014-07-04,1,356
2014-07-04,2,286
2014-07-04,3,281
2014-07-04,4,229
2014-07-04,5,248
2014-07-04,6,270
2014-07-04,7,267
2014-07-04,8,325
2014-07-04,9,411
2014-07-04,10,495
2014-07-04,11,572
2014-07-04,12,735
2014-07-04,13,972
2014-07-04,14,903
2014-07-04,15,791
2014-07-04,16,620
2014-07-04,17,741
2014-07-04,18,728
2014-07-04,19,696
2014-07-04,20,641
2014-07-04,21,962
2014-07-04,22,1121
2014-07-04,23,1044
2014-07-05,0,686
2014-07-05,1,384
2014-07-05,2,285
2014-07-05,3,221
2014-07-05,4,131
2014-07-05,5,139
2014-07-05,6,120
2014-07-05,7,185
2014-07-05,8,255
2014-07-05,9,366
2014-07-05,10,456
2014-07-05,11,483
2014-07-05,12,472
2014-07-05,13,514
2014-07-05,14,587
2014-07-05,15,561
2014-07-05,16,557
2014-07-05,17,622
2014-07-05,18,668
2014-07-05,19,548
2014-07-05,20,664
2014-07-05,21,692
2014-07-05,22,735
2014-07-05,23,559
2014-07-06,0,400
2014-07-06,1,278
2014-07-06,2,254
2014-07-06,3,236
2014-07-06,4,127
2014-07-06,5,150
2014-07-06,6,161
2014-07-06,7,170
2014-07-06,8,249
2014-07-06,9,361
2014-07-06,10,479
2014-07-06,11,536
2014-07-06,12,537
2014-07-06,13,758
2014-07-06,14,712
2014-07-06,15,777
2014-07-06,16,755
2014-07-06,17,673
2014-07-06,18,743
2014-07-06,19,680
2014-07-06,20,762
2014-07-06,21,743
2014-07-06,22,589
2014-07-06,23,313
2014-07-07,0,166
2014-07-07,1,97
2014-07-07,2,64
2014-07-07,3,197
2014-07-07,4,357
2014-07-07,5,507
2014-07-07,6,710
2014-07-07,7,1097
2014-07-07,8,883
2014-07-07,9,612
2014-07-07,10,618
2014-07-07,11,647
2014-07-07,12,709
2014-07-07,13,858
2014-07-07,14,988
2014-07-07,15,1081
2014-07-07,16,1317
2014-07-07,17,1435
2014-07-07,18,1274
2014-07-07,19,1253
2014-07-07,20,1122
2014-07-07,21,1050
2014-07-07,22,735
2014-07-07,23,503
2014-07-08,0,341
2014-07-08,1,165
2014-07-08,2,102
2014-07-08,3,190
2014-07-08,4,280
2014-07-08,5,535
2014-07-08,6,955
2014-07-08,7,1366
2014-07-08,8,1311
2014-07-08,9,961
2014-07-08,10,941
2014-07-08,11,932
2014-07-08,12,1079
2014-07-08,13,1168
2014-07-08,14,1379
2014-07-08,15,1494
2014-07-08,16,1795
2014-07-08,17,2123
2014-07-08,18,1899
2014-07-08,19,1618
2014-07-08,20,1663
2014-07-08,21,1680
2014-07-08,22,1134
2014-07-08,23,652
2014-07-09,0,361
2014-07-09,1,214
2014-07-09,2,135
2014-07-09,3,217
2014-07-09,4,306
2014-07-09,5,572
2014-07-09,6,988
2014-07-09,7,1388
2014-07-09,8,1394
2014-07-09,9,1035
2014-07-09,10,976
2014-07-09,11,1042
2014-07-09,12,1027
2014-07-09,13,1193
2014-07-09,14,1420
2014-07-09,15,1620
2014-07-09,16,1839
2014-07-09,17,2153
2014-07-09,18,2152
2014-07-09,19,2006
2014-07-09,20,1876
2014-07-09,21,1759
2014-07-09,22,1361
2014-07-09,23,783
2014-07-10,0,437
2014-07-10,1,212
2014-07-10,2,146
2014-07-10,3,233
2014-07-10,4,303
2014-07-10,5,566
2014-07-10,6,1078
2014-07-10,7,1428
2014-07-10,8,1473
2014-07-10,9,1067
2014-07-10,10,1053
2014-07-10,11,1057
2014-07-10,12,1090
2014-07-10,13,1246
2014-07-10,14,1488
2014-07-10,15,1855
2014-07-10,16,2146
2014-07-10,17,2304
2014-07-10,18,2184
2014-07-10,19,2026
2014-07-10,20,2197
2014-07-10,21,2055
2014-07-10,22,1757
2014-07-10,23,1140
2014-07-11,0,605
2014-07-11,1,350
2014-07-11,2,231
2014-07-11,3,291
2014-07-11,4,333
2014-07-11,5,560
2014-07-11,6,883
2014-07-11,7,1276
2014-07-11,8,1272
2014-07-11,9,1008
2014-07-11,10,1017
2014-07-11,11,1037
2014-07-11,12,1035
2014-07-11,13,1286
2014-07-11,14,1518
2014-07-11,15,1753
2014-07-11,16,1903
2014-07-11,17,1973
2014-07-11,18,1967
2014-07-11,19,1583
2014-07-11,20,1500
2014-07-11,21,1784
2014-07-11,22,1958
2014-07-11,23,1629
2014-07-12,0,1302
2014-07-12,1,893
2014-07-12,2,609
2014-07-12,3,411
2014-07-12,4,261
2014-07-12,5,321
2014-07-12,6,342
2014-07-12,7,450
2014-07-12,8,587
2014-07-12,9,756
2014-07-12,10,910
2014-07-12,11,994
2014-07-12,12,1047
2014-07-12,13,1122
2014-07-12,14,1341
2014-07-12,15,1486
2014-07-12,16,1678
2014-07-12,17,1692
2014-07-12,18,1673
2014-07-12,19,1420
2014-07-12,20,1452
2014-07-12,21,1648
2014-07-12,22,1855
2014-07-12,23,1686
2014-07-13,0,1304
2014-07-13,1,959
2014-07-13,2,719
2014-07-13,3,471
2014-07-13,4,265
2014-07-13,5,240
2014-07-13,6,259
2014-07-13,7,353
2014-07-13,8,516
2014-07-13,9,781
2014-07-13,10,898
2014-07-13,11,1075
2014-07-13,12,1142
2014-07-13,13,1257
2014-07-13,14,1272
2014-07-13,15,1070
2014-07-13,16,1297
2014-07-13,17,1428
2014-07-13,18,1145
2014-07-13,19,972
2014-07-13,20,1030
2014-07-13,21,910
2014-07-13,22,934
2014-07-13,23,785
2014-07-14,0,417
2014-07-14,1,192
2014-07-14,2,117
2014-07-14,3,274
2014-07-14,4,408
2014-07-14,5,686
2014-07-14,6,990
2014-07-14,7,1379
2014-07-14,8,1277
2014-07-14,9,1012
2014-07-14,10,946
2014-07-14,11,913
2014-07-14,12,883
2014-07-14,13,959
2014-07-14,14,1192
2014-07-14,15,1334
2014-07-14,16,1747
2014-07-14,17,2296
2014-07-14,18,1977
2014-07-14,19,2177
2014-07-14,20,2273
2014-07-14,21,2054
2014-07-14,22,1206
2014-07-14,23,641
2014-07-15,0,353
2014-07-15,1,169
2014-07-15,2,107
2014-07-15,3,207
2014-07-15,4,330
2014-07-15,5,607
2014-07-15,6,1076
2014-07-15,7,1430
2014-07-15,8,1401
2014-07-15,9,1036
2014-07-15,10,1007
2014-07-15,11,1082
2014-07-15,12,1049
2014-07-15,13,1972
2014-07-15,14,1875
2014-07-15,15,1721
2014-07-15,16,2088
2014-07-15,17,3045
2014-07-15,18,3302
2014-07-15,19,3225
2014-07-15,20,2840
2014-07-15,21,1871
2014-07-15,22,1334
2014-07-15,23,718
2014-07-16,0,432
2014-07-16,1,216
2014-07-16,2,169
2014-07-16,3,226
2014-07-16,4,342
2014-07-16,5,628
2014-07-16,6,1125
2014-07-16,7,1560
2014-07-16,8,1549
2014-07-16,9,1135
2014-07-16,10,1029
2014-07-16,11,1004
2014-07-16,12,998
2014-07-16,13,1100
2014-07-16,14,1351
2014-07-16,15,1732
2014-07-16,16,1916
2014-07-16,17,2104
2014-07-16,18,1933
2014-07-16,19,1840
2014-07-16,20,1940
2014-07-16,21,1868
2014-07-16,22,1520
2014-07-16,23,890
2014-07-17,0,415
2014-07-17,1,249
2014-07-17,2,187
2014-07-17,3,259
2014-07-17,4,423
2014-07-17,5,698
2014-07-17,6,952
2014-07-17,7,1367
2014-07-17,8,1351
2014-07-17,9,1063
2014-07-17,10,1031
2014-07-17,11,1090
2014-07-17,12,1118
2014-07-17,13,1284
2014-07-17,14,1511
2014-07-17,15,1741
2014-07-17,16,2015
2014-07-17,17,2257
2014-07-17,18,2266
2014-07-17,19,2056
2014-07-17,20,1953
2014-07-17,21,2173
2014-07-17,22,1961
2014-07-17,23,1290
2014-07-18,0,687
2014-07-18,1,388
2014-07-18,2,252
2014-07-18,3,335
2014-07-18,4,396
2014-07-18,5,586
2014-07-18,6,893
2014-07-18,7,1248
2014-07-18,8,1250
2014-07-18,9,1100
2014-07-18,10,955
2014-07-18,11,1019
2014-07-18,12,1008
2014-07-18,13,1174
2014-07-18,14,1506
2014-07-18,15,1818
2014-07-18,16,2020
2014-07-18,17,1912
2014-07-18,18,1979
2014-07-18,19,1875
2014-07-18,20,1754
2014-07-18,21,1974
2014-07-18,22,2082
2014-07-18,23,1649
2014-07-19,0,1208
2014-07-19,1,936
2014-07-19,2,749
2014-07-19,3,563
2014-07-19,4,319
2014-07-19,5,307
2014-07-19,6,384
2014-07-19,7,463
2014-07-19,8,612
2014-07-19,9,742
2014-07-19,10,941
2014-07-19,11,999
2014-07-19,12,1046
2014-07-19,13,1011
2014-07-19,14,1186
2014-07-19,15,1375
2014-07-19,16,1522
2014-07-19,17,1527
2014-07-19,18,1683
2014-07-19,19,1385
2014-07-19,20,1525
2014-07-19,21,1721
2014-07-19,22,1893
2014-07-19,23,1629
2014-07-20,0,1353
2014-07-20,1,1065
2014-07-20,2,764
2014-07-20,3,562
2014-07-20,4,268
2014-07-20,5,258
2014-07-20,6,285
2014-07-20,7,390
2014-07-20,8,514
2014-07-20,9,727
2014-07-20,10,868
2014-07-20,11,1054
2014-07-20,12,995
2014-07-20,13,1194
2014-07-20,14,1274
2014-07-20,15,1303
2014-07-20,16,1318
2014-07-20,17,1393
2014-07-20,18,1130
2014-07-20,19,957
2014-07-20,20,1108
2014-07-20,21,1049
2014-07-20,22,889
2014-07-20,23,494
2014-07-21,0,253
2014-07-21,1,129
2014-07-21,2,110
2014-07-21,3,292
2014-07-21,4,432
2014-07-21,5,677
2014-07-21,6,966
2014-07-21,7,1361
2014-07-21,8,1263
2014-07-21,9,963
2014-07-21,10,902
2014-07-21,11,917
2014-07-21,12,956
2014-07-21,13,1043
2014-07-21,14,1200
2014-07-21,15,1384
2014-07-21,16,1673
2014-07-21,17,1816
2014-07-21,18,1636
2014-07-21,19,1436
2014-07-21,20,1428
2014-07-21,21,1265
2014-07-21,22,932
2014-07-21,23,544
2014-07-22,0,291
2014-07-22,1,161
2014-07-22,2,131
2014-07-22,3,200
2014-07-22,4,321
2014-07-22,5,621
2014-07-22,6,1056
2014-07-22,7,1413
2014-07-22,8,1492
2014-07-22,9,1146
2014-07-22,10,1074
2014-07-22,11,1113
2014-07-22,12,1118
2014-07-22,13,1314
2014-07-22,14,1486
2014-07-22,15,1742
2014-07-22,16,2207
2014-07-22,17,2413
2014-07-22,18,2196
2014-07-22,19,1841
2014-07-22,20,1907
2014-07-22,21,1745
2014-07-22,22,1306
2014-07-22,23,735
2014-07-23,0,379
2014-07-23,1,211
2014-07-23,2,177
2014-07-23,3,243
2014-07-23,4,370
2014-07-23,5,619
2014-07-23,6,1059
2014-07-23,7,1476
2014-07-23,8,1529
2014-07-23,9,1199
2014-07-23,10,1175
2014-07-23,11,1230
2014-07-23,12,1272
2014-07-23,13,1514
2014-07-23,14,1758
2014-07-23,15,2072
2014-07-23,16,2371
2014-07-23,17,2519
2014-07-23,18,2434
2014-07-23,19,2320
2014-07-23,20,2791
2014-07-23,21,2559
2014-07-23,22,1858
2014-07-23,23,938
2014-07-24,0,446
2014-07-24,1,223
2014-07-24,2,176
2014-07-24,3,252
2014-07-24,4,420
2014-07-24,5,645
2014-07-24,6,1002
2014-07-24,7,1353
2014-07-24,8,1429
2014-07-24,9,1230
2014-07-24,10,1110
2014-07-24,11,1218
2014-07-24,12,1142
2014-07-24,13,1283
2014-07-24,14,1535
2014-07-24,15,1704
2014-07-24,16,2109
2014-07-24,17,2385
2014-07-24,18,2372
2014-07-24,19,2316
2014-07-24,20,2277
2014-07-24,21,2152
2014-07-24,22,1986
2014-07-24,23,1285
2014-07-25,0,714
2014-07-25,1,447
2014-07-25,2,290
2014-07-25,3,323
2014-07-25,4,401
2014-07-25,5,595
2014-07-25,6,901
2014-07-25,7,1241
2014-07-25,8,1305
2014-07-25,9,1112
2014-07-25,10,1036
2014-07-25,11,1046
2014-07-25,12,1014
2014-07-25,13,1187
2014-07-25,14,1530
2014-07-25,15,1669
2014-07-25,16,1897
2014-07-25,17,2031
2014-07-25,18,2008
2014-07-25,19,1793
2014-07-25,20,1804
2014-07-25,21,1934
2014-07-25,22,1942
2014-07-25,23,1755
2014-07-26,0,1245
2014-07-26,1,940
2014-07-26,2,677
2014-07-26,3,509
2014-07-26,4,376
2014-07-26,5,330
2014-07-26,6,368
2014-07-26,7,496
2014-07-26,8,647
2014-07-26,9,804
2014-07-26,10,986
2014-07-26,11,1069
2014-07-26,12,1132
2014-07-26,13,1179
2014-07-26,14,1377
2014-07-26,15,1657
2014-07-26,16,1725
2014-07-26,17,1642
2014-07-26,18,1814
2014-07-26,19,1560
2014-07-26,20,1755
2014-07-26,21,1840
2014-07-26,22,1854
2014-07-26,23,1726
2014-07-27,0,1303
2014-07-27,1,1016
2014-07-27,2,816
2014-07-27,3,639
2014-07-27,4,322
2014-07-27,5,277
2014-07-27,6,322
2014-07-27,7,352
2014-07-27,8,588
2014-07-27,9,761
2014-07-27,10,960
2014-07-27,11,1170
2014-07-27,12,1136
2014-07-27,13,1292
2014-07-27,14,1324
2014-07-27,15,1412
2014-07-27,16,1497
2014-07-27,17,1432
2014-07-27,18,1245
2014-07-27,19,1091
2014-07-27,20,1112
2014-07-27,21,1038
2014-07-27,22,879
2014-07-27,23,606
2014-07-28,0,424
2014-07-28,1,195
2014-07-28,2,148
2014-07-28,3,256
2014-07-28,4,418
2014-07-28,5,591
2014-07-28,6,978
2014-07-28,7,1229
2014-07-28,8,1374
2014-07-28,9,1105
2014-07-28,10,957
2014-07-28,11,1015
2014-07-28,12,964
2014-07-28,13,1058
2014-07-28,14,1224
2014-07-28,15,1258
2014-07-28,16,1546
2014-07-28,17,1781
2014-07-28,18,1664
2014-07-28,19,1512
2014-07-28,20,1480
2014-07-28,21,1271
2014-07-28,22,955
2014-07-28,23,578
2014-07-29,0,308
2014-07-29,1,173
2014-07-29,2,134
2014-07-29,3,204
2014-07-29,4,329
2014-07-29,5,619
2014-07-29,6,1009
2014-07-29,7,1345
2014-07-29,8,1382
2014-07-29,9,1033
2014-07-29,10,1054
2014-07-29,11,1017
2014-07-29,12,988
2014-07-29,13,1089
2014-07-29,14,1361
2014-07-29,15,1598
2014-07-29,16,1869
2014-07-29,17,2273
2014-07-29,18,2127
2014-07-29,19,1940
2014-07-29,20,1977
2014-07-29,21,1738
2014-07-29,22,1234
2014-07-29,23,788
2014-07-30,0,362
2014-07-30,1,185
2014-07-30,2,176
2014-07-30,3,247
2014-07-30,4,356
2014-07-30,5,597
2014-07-30,6,1084
2014-07-30,7,1400
2014-07-30,8,1501
2014-07-30,9,1224
2014-07-30,10,1152
2014-07-30,11,1112
2014-07-30,12,1196
2014-07-30,13,1240
2014-07-30,14,1497
2014-07-30,15,1767
2014-07-30,16,2136
2014-07-30,17,2414
2014-07-30,18,2274
2014-07-30,19,2080
2014-07-30,20,2183
2014-07-30,21,2037
2014-07-30,22,1591
2014-07-30,23,929
2014-07-31,0,493
2014-07-31,1,279
2014-07-31,2,218
2014-07-31,3,291
2014-07-31,4,417
2014-07-31,5,601
2014-07-31,6,1084
2014-07-31,7,1458
2014-07-31,8,1426
2014-07-31,9,1238
2014-07-31,10,1131
2014-07-31,11,1101
2014-07-31,12,1133
2014-07-31,13,1347
2014-07-31,14,1600
2014-07-31,15,1927
2014-07-31,16,2154
2014-07-31,17,2466
2014-07-31,18,2531
2014-07-31,19,2430
2014-07-31,20,2460
2014-07-31,21,2275
2014-07-31,22,2099
2014-07-31,23,1382
2014-08-01,0,734
2014-08-01,1,451
2014-08-01,2,289
2014-08-01,3,318
2014-08-01,4,412
2014-08-01,5,604
2014-08-01,6,928
2014-08-01,7,1307
2014-08-01,8,1337
2014-08-01,9,1153
2014-08-01,10,1109
2014-08-01,11,1079
2014-08-01,12,1085
2014-08-01,13,1398
2014-08-01,14,1585
2014-08-01,15,1885
2014-08-01,16,2122
2014-08-01,17,2242
2014-08-01,18,2196
2014-08-01,19,2120
2014-08-01,20,1923
2014-08-01,21,2035
2014-08-01,22,2247
2014-08-01,23,1794
2014-08-02,0,1328
2014-08-02,1,996
2014-08-02,2,645
2014-08-02,3,532
2014-08-02,4,407
2014-08-02,5,417
2014-08-02,6,464
2014-08-02,7,553
2014-08-02,8,719
2014-08-02,9,797
2014-08-02,10,867
2014-08-02,11,953
2014-08-02,12,1053
2014-08-02,13,1110
2014-08-02,14,1362
2014-08-02,15,1615
2014-08-02,16,1701
2014-08-02,17,1756
2014-08-02,18,1934
2014-08-02,19,1844
2014-08-02,20,1813
2014-08-02,21,1938
2014-08-02,22,2096
2014-08-02,23,1778
2014-08-03,0,1543
2014-08-03,1,1109
2014-08-03,2,736
2014-08-03,3,564
2014-08-03,4,315
2014-08-03,5,332
2014-08-03,6,323
2014-08-03,7,468
2014-08-03,8,556
2014-08-03,9,732
2014-08-03,10,1002
2014-08-03,11,1118
2014-08-03,12,1110
2014-08-03,13,1144
2014-08-03,14,1274
2014-08-03,15,1394
2014-08-03,16,1574
2014-08-03,17,1540
2014-08-03,18,1304
2014-08-03,19,1232
2014-08-03,20,1253
2014-08-03,21,1117
2014-08-03,22,847
2014-08-03,23,559
2014-08-04,0,304
2014-08-04,1,165
2014-08-04,2,126
2014-08-04,3,308
2014-08-04,4,425
2014-08-04,5,691
2014-08-04,6,1111
2014-08-04,7,1420
2014-08-04,8,1345
2014-08-04,9,1022
2014-08-04,10,1008
2014-08-04,11,982
2014-08-04,12,916
2014-08-04,13,1103
2014-08-04,14,1275
2014-08-04,15,1424
2014-08-04,16,1705
2014-08-04,17,1885
2014-08-04,18,1766
2014-08-04,19,1572
2014-08-04,20,1528
2014-08-04,21,1298
2014-08-04,22,953
2014-08-04,23,620
2014-08-05,0,310
2014-08-05,1,186
2014-08-05,2,134
2014-08-05,3,216
2014-08-05,4,351
2014-08-05,5,632
2014-08-05,6,1007
2014-08-05,7,1432
2014-08-05,8,1397
2014-08-05,9,1109
2014-08-05,10,1050
2014-08-05,11,1109
2014-08-05,12,1070
2014-08-05,13,1166
2014-08-05,14,1481
2014-08-05,15,1677
2014-08-05,16,1965
2014-08-05,17,2205
2014-08-05,18,2030
2014-08-05,19,1873
2014-08-05,20,1933
2014-08-05,21,1744
2014-08-05,22,1276
2014-08-05,23,741
2014-08-06,0,389
2014-08-06,1,213
2014-08-06,2,177
2014-08-06,3,270
2014-08-06,4,412
2014-08-06,5,709
2014-08-06,6,1130
2014-08-06,7,1525
2014-08-06,8,1461
2014-08-06,9,1187
2014-08-06,10,1102
2014-08-06,11,1170
2014-08-06,12,1142
2014-08-06,13,1227
2014-08-06,14,1456
2014-08-06,15,1770
2014-08-06,16,2052
2014-08-06,17,2365
2014-08-06,18,2164
2014-08-06,19,2054
2014-08-06,20,2098
2014-08-06,21,2006
2014-08-06,22,1547
2014-08-06,23,869
2014-08-07,0,476
2014-08-07,1,269
2014-08-07,2,190
2014-08-07,3,293
2014-08-07,4,440
2014-08-07,5,684
2014-08-07,6,1055
2014-08-07,7,1426
2014-08-07,8,1448
2014-08-07,9,1156
2014-08-07,10,1151
2014-08-07,11,1227
2014-08-07,12,1157
2014-08-07,13,1279
2014-08-07,14,1554
2014-08-07,15,1827
2014-08-07,16,2134
2014-08-07,17,2407
2014-08-07,18,2429
2014-08-07,19,2242
2014-08-07,20,2305
2014-08-07,21,2262
2014-08-07,22,2002
2014-08-07,23,1346
2014-08-08,0,700
2014-08-08,1,404
2014-08-08,2,288
2014-08-08,3,363
2014-08-08,4,467
2014-08-08,5,640
2014-08-08,6,967
2014-08-08,7,1367
2014-08-08,8,1355
2014-08-08,9,1103
2014-08-08,10,1078
2014-08-08,11,1080
2014-08-08,12,1034
2014-08-08,13,1263
2014-08-08,14,1357
2014-08-08,15,1760
2014-08-08,16,1874
2014-08-08,17,2015
2014-08-08,18,1978
2014-08-08,19,1992
2014-08-08,20,1746
2014-08-08,21,1929
2014-08-08,22,2001
2014-08-08,23,1650
2014-08-09,0,1248
2014-08-09,1,856
2014-08-09,2,618
2014-08-09,3,461
2014-08-09,4,333
2014-08-09,5,340
2014-08-09,6,379
2014-08-09,7,482
2014-08-09,8,555
2014-08-09,9,690
2014-08-09,10,793
2014-08-09,11,874
2014-08-09,12,1020
2014-08-09,13,1103
2014-08-09,14,1254
2014-08-09,15,1476
2014-08-09,16,1589
2014-08-09,17,1743
2014-08-09,18,1819
2014-08-09,19,1634
2014-08-09,20,1644
2014-08-09,21,1777
2014-08-09,22,1957
2014-08-09,23,1641
2014-08-10,0,1325
2014-08-10,1,956
2014-08-10,2,695
2014-08-10,3,480
2014-08-10,4,297
2014-08-10,5,270
2014-08-10,6,264
2014-08-10,7,358
2014-08-10,8,500
2014-08-10,9,669
2014-08-10,10,818
2014-08-10,11,890
2014-08-10,12,951
2014-08-10,13,1070
2014-08-10,14,1090
2014-08-10,15,1206
2014-08-10,16,1313
2014-08-10,17,1369
2014-08-10,18,1190
2014-08-10,19,1237
2014-08-10,20,1155
2014-08-10,21,1041
2014-08-10,22,868
2014-08-10,23,572
2014-08-11,0,288
2014-08-11,1,153
2014-08-11,2,153
2014-08-11,3,289
2014-08-11,4,469
2014-08-11,5,697
2014-08-11,6,985
2014-08-11,7,1297
2014-08-11,8,1230
2014-08-11,9,932
2014-08-11,10,963
2014-08-11,11,891
2014-08-11,12,908
2014-08-11,13,971
2014-08-11,14,1088
2014-08-11,15,1243
2014-08-11,16,1437
2014-08-11,17,1627
2014-08-11,18,1544
2014-08-11,19,1458
2014-08-11,20,1398
2014-08-11,21,1156
2014-08-11,22,926
2014-08-11,23,529
2014-08-12,0,290
2014-08-12,1,185
2014-08-12,2,111
2014-08-12,3,137
2014-08-12,4,353
2014-08-12,5,538
2014-08-12,6,987
2014-08-12,7,1431
2014-08-12,8,1410
2014-08-12,9,1035
2014-08-12,10,955
2014-08-12,11,1066
2014-08-12,12,979
2014-08-12,13,1243
2014-08-12,14,1579
2014-08-12,15,1805
2014-08-12,16,2114
2014-08-12,17,2432
2014-08-12,18,2831
2014-08-12,19,2134
2014-08-12,20,2096
2014-08-12,21,1758
2014-08-12,22,1346
2014-08-12,23,831
2014-08-13,0,567
2014-08-13,1,299
2014-08-13,2,197
2014-08-13,3,242
2014-08-13,4,402
2014-08-13,5,697
2014-08-13,6,1438
2014-08-13,7,1763
2014-08-13,8,1755
2014-08-13,9,1254
2014-08-13,10,1126
2014-08-13,11,1089
2014-08-13,12,1098
2014-08-13,13,1133
2014-08-13,14,1256
2014-08-13,15,1524
2014-08-13,16,1981
2014-08-13,17,2164
2014-08-13,18,1955
2014-08-13,19,1852
2014-08-13,20,1956
2014-08-13,21,1851
2014-08-13,22,1374
2014-08-13,23,815
2014-08-14,0,465
2014-08-14,1,264
2014-08-14,2,200
2014-08-14,3,279
2014-08-14,4,399
2014-08-14,5,596
2014-08-14,6,994
2014-08-14,7,1382
2014-08-14,8,1349
2014-08-14,9,1104
2014-08-14,10,1090
2014-08-14,11,1033
2014-08-14,12,1031
2014-08-14,13,1128
2014-08-14,14,1445
2014-08-14,15,1651
2014-08-14,16,1959
2014-08-14,17,2187
2014-08-14,18,2190
2014-08-14,19,2154
2014-08-14,20,2177
2014-08-14,21,2144
2014-08-14,22,1952
2014-08-14,23,1284
2014-08-15,0,627
2014-08-15,1,385
2014-08-15,2,255
2014-08-15,3,325
2014-08-15,4,409
2014-08-15,5,604
2014-08-15,6,909
2014-08-15,7,1336
2014-08-15,8,1342
2014-08-15,9,1041
2014-08-15,10,1052
2014-08-15,11,1078
2014-08-15,12,1068
2014-08-15,13,1149
2014-08-15,14,1331
2014-08-15,15,1630
2014-08-15,16,1806
2014-08-15,17,1926
2014-08-15,18,1939
2014-08-15,19,1803
2014-08-15,20,1647
2014-08-15,21,1801
2014-08-15,22,1888
2014-08-15,23,1623
2014-08-16,0,1141
2014-08-16,1,848
2014-08-16,2,550
2014-08-16,3,466
2014-08-16,4,370
2014-08-16,5,318
2014-08-16,6,402
2014-08-16,7,468
2014-08-16,8,608
2014-08-16,9,737
2014-08-16,10,820
2014-08-16,11,942
2014-08-16,12,934
2014-08-16,13,1051
2014-08-16,14,1212
2014-08-16,15,1422
2014-08-16,16,1586
2014-08-16,17,1783
2014-08-16,18,1827
2014-08-16,19,1662
2014-08-16,20,1625
2014-08-16,21,1803
2014-08-16,22,1917
2014-08-16,23,1742
2014-08-17,0,1259
2014-08-17,1,993
2014-08-17,2,714
2014-08-17,3,495
2014-08-17,4,354
2014-08-17,5,315
2014-08-17,6,291
2014-08-17,7,440
2014-08-17,8,569
2014-08-17,9,709
2014-08-17,10,936
2014-08-17,11,1051
2014-08-17,12,1049
2014-08-17,13,1053
2014-08-17,14,1117
2014-08-17,15,1267
2014-08-17,16,1254
2014-08-17,17,1346
2014-08-17,18,1269
2014-08-17,19,1130
2014-08-17,20,1184
2014-08-17,21,1013
2014-08-17,22,839
2014-08-17,23,562
2014-08-18,0,245
2014-08-18,1,196
2014-08-18,2,132
2014-08-18,3,284
2014-08-18,4,418
2014-08-18,5,688
2014-08-18,6,996
2014-08-18,7,1347
2014-08-18,8,1236
2014-08-18,9,953
2014-08-18,10,862
2014-08-18,11,883
2014-08-18,12,865
2014-08-18,13,965
2014-08-18,14,1121
2014-08-18,15,1243
2014-08-18,16,1420
2014-08-18,17,1536
2014-08-18,18,1425
2014-08-18,19,1396
2014-08-18,20,1340
2014-08-18,21,1119
2014-08-18,22,785
2014-08-18,23,501
2014-08-19,0,282
2014-08-19,1,190
2014-08-19,2,133
2014-08-19,3,219
2014-08-19,4,312
2014-08-19,5,529
2014-08-19,6,1007
2014-08-19,7,1356
2014-08-19,8,1262
2014-08-19,9,991
2014-08-19,10,927
2014-08-19,11,934
2014-08-19,12,973
2014-08-19,13,1087
2014-08-19,14,1225
2014-08-19,15,1485
2014-08-19,16,1685
2014-08-19,17,1882
2014-08-19,18,1577
2014-08-19,19,1638
2014-08-19,20,1672
2014-08-19,21,1568
2014-08-19,22,1186
2014-08-19,23,714
2014-08-20,0,377
2014-08-20,1,241
2014-08-20,2,156
2014-08-20,3,237
2014-08-20,4,346
2014-08-20,5,611
2014-08-20,6,1043
2014-08-20,7,1448
2014-08-20,8,1365
2014-08-20,9,1060
2014-08-20,10,1114
2014-08-20,11,1058
2014-08-20,12,1059
2014-08-20,13,1229
2014-08-20,14,1333
2014-08-20,15,1643
2014-08-20,16,1854
2014-08-20,17,2085
2014-08-20,18,1920
2014-08-20,19,1806
2014-08-20,20,1874
2014-08-20,21,1899
2014-08-20,22,1360
2014-08-20,23,837
2014-08-21,0,453
2014-08-21,1,288
2014-08-21,2,178
2014-08-21,3,270
2014-08-21,4,421
2014-08-21,5,587
2014-08-21,6,1016
2014-08-21,7,1482
2014-08-21,8,1394
2014-08-21,9,1081
2014-08-21,10,1063
2014-08-21,11,1109
2014-08-21,12,1121
2014-08-21,13,1276
2014-08-21,14,1403
2014-08-21,15,1738
2014-08-21,16,1896
2014-08-21,17,2086
2014-08-21,18,2143
2014-08-21,19,2158
2014-08-21,20,2146
2014-08-21,21,2407
2014-08-21,22,2547
2014-08-21,23,2041
2014-08-22,0,881
2014-08-22,1,422
2014-08-22,2,255
2014-08-22,3,309
2014-08-22,4,438
2014-08-22,5,614
2014-08-22,6,950
2014-08-22,7,1351
2014-08-22,8,1401
2014-08-22,9,1080
2014-08-22,10,1044
2014-08-22,11,1076
2014-08-22,12,1059
2014-08-22,13,1284
2014-08-22,14,1479
2014-08-22,15,1846
2014-08-22,16,1925
2014-08-22,17,1857
2014-08-22,18,1792
2014-08-22,19,1741
2014-08-22,20,1588
2014-08-22,21,1705
2014-08-22,22,1745
2014-08-22,23,1670
2014-08-23,0,1146
2014-08-23,1,781
2014-08-23,2,556
2014-08-23,3,432
2014-08-23,4,363
2014-08-23,5,349
2014-08-23,6,416
2014-08-23,7,531
2014-08-23,8,677
2014-08-23,9,798
2014-08-23,10,906
2014-08-23,11,1027
2014-08-23,12,1062
2014-08-23,13,1116
2014-08-23,14,1261
2014-08-23,15,1574
2014-08-23,16,1565
2014-08-23,17,1595
2014-08-23,18,1792
2014-08-23,19,1971
2014-08-23,20,1731
2014-08-23,21,1820
2014-08-23,22,1952
2014-08-23,23,1676
2014-08-24,0,1354
2014-08-24,1,1035
2014-08-24,2,736
2014-08-24,3,477
2014-08-24,4,338
2014-08-24,5,304
2014-08-24,6,350
2014-08-24,7,456
2014-08-24,8,622
2014-08-24,9,792
2014-08-24,10,924
2014-08-24,11,1011
2014-08-24,12,1024
2014-08-24,13,1144
2014-08-24,14,1185
2014-08-24,15,1340
2014-08-24,16,1377
2014-08-24,17,1403
2014-08-24,18,1247
2014-08-24,19,1244
2014-08-24,20,1138
2014-08-24,21,1058
2014-08-24,22,933
2014-08-24,23,544
2014-08-25,0,257
2014-08-25,1,170
2014-08-25,2,149
2014-08-25,3,305
2014-08-25,4,524
2014-08-25,5,710
2014-08-25,6,1006
2014-08-25,7,1293
2014-08-25,8,1249
2014-08-25,9,937
2014-08-25,10,833
2014-08-25,11,836
2014-08-25,12,875
2014-08-25,13,956
2014-08-25,14,1088
2014-08-25,15,1341
2014-08-25,16,1412
2014-08-25,17,1460
2014-08-25,18,1400
2014-08-25,19,1347
2014-08-25,20,1320
2014-08-25,21,1202
2014-08-25,22,895
2014-08-25,23,528
2014-08-26,0,233
2014-08-26,1,172
2014-08-26,2,130
2014-08-26,3,200
2014-08-26,4,321
2014-08-26,5,571
2014-08-26,6,974
2014-08-26,7,1395
2014-08-26,8,1281
2014-08-26,9,1061
2014-08-26,10,964
2014-08-26,11,984
2014-08-26,12,970
2014-08-26,13,1136
2014-08-26,14,1216
2014-08-26,15,1394
2014-08-26,16,1662
2014-08-26,17,1778
2014-08-26,18,1561
2014-08-26,19,1628
2014-08-26,20,1599
2014-08-26,21,1560
2014-08-26,22,1143
2014-08-26,23,617
2014-08-27,0,316
2014-08-27,1,214
2014-08-27,2,135
2014-08-27,3,218
2014-08-27,4,323
2014-08-27,5,594
2014-08-27,6,935
2014-08-27,7,1425
2014-08-27,8,1374
2014-08-27,9,1074
2014-08-27,10,1097
2014-08-27,11,1052
2014-08-27,12,1105
2014-08-27,13,1190
2014-08-27,14,1267
2014-08-27,15,1558
2014-08-27,16,1795
2014-08-27,17,1906
2014-08-27,18,1865
2014-08-27,19,1795
2014-08-27,20,1808
2014-08-27,21,1867
2014-08-27,22,1321
2014-08-27,23,784
2014-08-28,0,406
2014-08-28,1,234
2014-08-28,2,177
2014-08-28,3,257
2014-08-28,4,373
2014-08-28,5,630
2014-08-28,6,1004
2014-08-28,7,1400
2014-08-28,8,1263
2014-08-28,9,1195
2014-08-28,10,1130
2014-08-28,11,1090
2014-08-28,12,1101
2014-08-28,13,1213
2014-08-28,14,1407
2014-08-28,15,1720
2014-08-28,16,1829
2014-08-28,17,1912
2014-08-28,18,1801
2014-08-28,19,1958
2014-08-28,20,1921
2014-08-28,21,1949
2014-08-28,22,1562
2014-08-28,23,1065
2014-08-29,0,594
2014-08-29,1,402
2014-08-29,2,244
2014-08-29,3,345
2014-08-29,4,436
2014-08-29,5,639
2014-08-29,6,897
2014-08-29,7,1240
2014-08-29,8,1318
2014-08-29,9,1135
2014-08-29,10,1141
2014-08-29,11,1111
2014-08-29,12,1135
2014-08-29,13,1273
2014-08-29,14,1445
2014-08-29,15,1682
2014-08-29,16,1674
2014-08-29,17,1615
2014-08-29,18,1579
2014-08-29,19,1571
2014-08-29,20,1417
2014-08-29,21,1605
2014-08-29,22,1607
2014-08-29,23,1319
2014-08-30,0,965
2014-08-30,1,728
2014-08-30,2,488
2014-08-30,3,402
2014-08-30,4,320
2014-08-30,5,377
2014-08-30,6,428
2014-08-30,7,507
2014-08-30,8,669
2014-08-30,9,841
2014-08-30,10,931
2014-08-30,11,966
2014-08-30,12,1063
2014-08-30,13,1142
2014-08-30,14,1187
2014-08-30,15,1391
2014-08-30,16,1443
2014-08-30,17,1414
2014-08-30,18,1474
2014-08-30,19,1410
2014-08-30,20,1379
2014-08-30,21,1492
2014-08-30,22,1584
2014-08-30,23,1329
2014-08-31,0,948
2014-08-31,1,666
2014-08-31,2,558
2014-08-31,3,383
2014-08-31,4,226
2014-08-31,5,238
2014-08-31,6,251
2014-08-31,7,378
2014-08-31,8,519
2014-08-31,9,767
2014-08-31,10,850
2014-08-31,11,1009
2014-08-31,12,1089
2014-08-31,13,1162
2014-08-31,14,1311
2014-08-31,15,1666
2014-08-31,16,1778
2014-08-31,17,1601
2014-08-31,18,1449
2014-08-31,19,1352
2014-08-31,20,1260
2014-08-31,21,1430
2014-08-31,22,1352
2014-08-31,23,1028
2014-09-01,0,699
2014-09-01,1,490
2014-09-01,2,363
2014-09-01,3,333
2014-09-01,4,261
2014-09-01,5,283
2014-09-01,6,330
2014-09-01,7,427
2014-09-01,8,560
2014-09-01,9,765
2014-09-01,10,874
2014-09-01,11,988
2014-09-01,12,1021
2014-09-01,13,1125
2014-09-01,14,1222
2014-09-01,15,1345
2014-09-01,16,1473
2014-09-01,17,1341
2014-09-01,18,1248
2014-09-01,19,1251
2014-09-01,20,1181
2014-09-01,21,1055
2014-09-01,22,818
2014-09-01,23,508
2014-09-02,0,209
2014-09-02,1,111
2014-09-02,2,84
2014-09-02,3,293
2014-09-02,4,518
2014-09-02,5,858
2014-09-02,6,1271
2014-09-02,7,1596
2014-09-02,8,1728
2014-09-02,9,1256
2014-09-02,10,1162
2014-09-02,11,1138
2014-09-02,12,1188
2014-09-02,13,1288
2014-09-02,14,1401
2014-09-02,15,1719
2014-09-02,16,2046
2014-09-02,17,2146
2014-09-02,18,1960
2014-09-02,19,1765
2014-09-02,20,1758
2014-09-02,21,1515
2014-09-02,22,1122
2014-09-02,23,699
2014-09-03,0,284
2014-09-03,1,151
2014-09-03,2,116
2014-09-03,3,204
2014-09-03,4,356
2014-09-03,5,760
2014-09-03,6,1383
2014-09-03,7,1676
2014-09-03,8,1669
2014-09-03,9,1394
2014-09-03,10,1232
2014-09-03,11,1182
2014-09-03,12,1205
2014-09-03,13,1376
2014-09-03,14,1626
2014-09-03,15,2035
2014-09-03,16,2336
2014-09-03,17,2458
2014-09-03,18,2376
2014-09-03,19,2189
2014-09-03,20,2208
2014-09-03,21,1917
2014-09-03,22,1574
2014-09-03,23,924
2014-09-04,0,492
2014-09-04,1,266
2014-09-04,2,180
2014-09-04,3,247
2014-09-04,4,384
2014-09-04,5,760
2014-09-04,6,1368
2014-09-04,7,1753
2014-09-04,8,1801
2014-09-04,9,1455
2014-09-04,10,1384
2014-09-04,11,1399
2014-09-04,12,1422
2014-09-04,13,1552
2014-09-04,14,1874
2014-09-04,15,2346
2014-09-04,16,2493
2014-09-04,17,2735
2014-09-04,18,3087
2014-09-04,19,2808
2014-09-04,20,2617
2014-09-04,21,2446
2014-09-04,22,2074
2014-09-04,23,1417
2014-09-05,0,651
2014-09-05,1,362
2014-09-05,2,233
2014-09-05,3,303
2014-09-05,4,468
2014-09-05,5,827
2014-09-05,6,1333
2014-09-05,7,1707
2014-09-05,8,1859
2014-09-05,9,1609
2014-09-05,10,1485
2014-09-05,11,1432
2014-09-05,12,1445
2014-09-05,13,1713
2014-09-05,14,2057
2014-09-05,15,2323
2014-09-05,16,2655
2014-09-05,17,2961
2014-09-05,18,3151
2014-09-05,19,3157
2014-09-05,20,2738
2014-09-05,21,2793
2014-09-05,22,2763
2014-09-05,23,2294
2014-09-06,0,1706
2014-09-06,1,1122
2014-09-06,2,706
2014-09-06,3,476
2014-09-06,4,348
2014-09-06,5,340
2014-09-06,6,526
2014-09-06,7,710
2014-09-06,8,953
2014-09-06,9,1085
2014-09-06,10,1286
2014-09-06,11,1475
2014-09-06,12,1600
2014-09-06,13,1871
2014-09-06,14,2133
2014-09-06,15,2414
2014-09-06,16,2579
2014-09-06,17,2776
2014-09-06,18,2854
2014-09-06,19,2742
2014-09-06,20,2422
2014-09-06,21,2713
2014-09-06,22,3034
2014-09-06,23,2649
2014-09-07,0,1830
2014-09-07,1,1237
2014-09-07,2,823
2014-09-07,3,566
2014-09-07,4,334
2014-09-07,5,358
2014-09-07,6,387
2014-09-07,7,564
2014-09-07,8,813
2014-09-07,9,1024
2014-09-07,10,1227
2014-09-07,11,1397
2014-09-07,12,1485
2014-09-07,13,1639
2014-09-07,14,1811
2014-09-07,15,1988
2014-09-07,16,2147
2014-09-07,17,2036
2014-09-07,18,1909
2014-09-07,19,1708
2014-09-07,20,1616
2014-09-07,21,1444
2014-09-07,22,1162
2014-09-07,23,629
2014-09-08,0,323
2014-09-08,1,201
2014-09-08,2,157
2014-09-08,3,369
2014-09-08,4,515
2014-09-08,5,910
2014-09-08,6,1222
2014-09-08,7,1673
2014-09-08,8,1725
2014-09-08,9,1288
2014-09-08,10,1204
2014-09-08,11,1211
2014-09-08,12,1190
2014-09-08,13,1345
2014-09-08,14,1577
2014-09-08,15,1895
2014-09-08,16,2092
2014-09-08,17,2254
2014-09-08,18,2221
2014-09-08,19,1971
2014-09-08,20,1823
2014-09-08,21,1487
2014-09-08,22,1117
2014-09-08,23,590
2014-09-09,0,312
2014-09-09,1,194
2014-09-09,2,146
2014-09-09,3,242
2014-09-09,4,407
2014-09-09,5,826
2014-09-09,6,1443
2014-09-09,7,1778
2014-09-09,8,1785
2014-09-09,9,1330
2014-09-09,10,1293
2014-09-09,11,1294
2014-09-09,12,1319
2014-09-09,13,1639
2014-09-09,14,2028
2014-09-09,15,2234
2014-09-09,16,2237
2014-09-09,17,2616
2014-09-09,18,2682
2014-09-09,19,2379
2014-09-09,20,2181
2014-09-09,21,1908
2014-09-09,22,1427
2014-09-09,23,860
2014-09-10,0,429
2014-09-10,1,310
2014-09-10,2,180
2014-09-10,3,238
2014-09-10,4,396
2014-09-10,5,792
2014-09-10,6,1353
2014-09-10,7,1687
2014-09-10,8,1785
2014-09-10,9,1434
2014-09-10,10,1286
2014-09-10,11,1408
2014-09-10,12,1372
2014-09-10,13,1551
2014-09-10,14,1814
2014-09-10,15,2218
2014-09-10,16,2469
2014-09-10,17,2784
2014-09-10,18,2839
2014-09-10,19,2567
2014-09-10,20,2416
2014-09-10,21,2050
2014-09-10,22,1638
2014-09-10,23,894
2014-09-11,0,480
2014-09-11,1,296
2014-09-11,2,185
2014-09-11,3,279
2014-09-11,4,445
2014-09-11,5,326
2014-09-11,6,1042
2014-09-11,7,1563
2014-09-11,8,1742
2014-09-11,9,1408
2014-09-11,10,1251
2014-09-11,11,1332
2014-09-11,12,1331
2014-09-11,13,1577
2014-09-11,14,1903
2014-09-11,15,2200
2014-09-11,16,2596
2014-09-11,17,2852
2014-09-11,18,2908
2014-09-11,19,2724
2014-09-11,20,2537
2014-09-11,21,2430
2014-09-11,22,1812
2014-09-11,23,1220
2014-09-12,0,600
2014-09-12,1,390
2014-09-12,2,262
2014-09-12,3,330
2014-09-12,4,478
2014-09-12,5,820
2014-09-12,6,1287
2014-09-12,7,1667
2014-09-12,8,1746
2014-09-12,9,1394
2014-09-12,10,1358
2014-09-12,11,1284
2014-09-12,12,1321
2014-09-12,13,1545
2014-09-12,14,1717
2014-09-12,15,2068
2014-09-12,16,2328
2014-09-12,17,2692
2014-09-12,18,2915
2014-09-12,19,2890
2014-09-12,20,2542
2014-09-12,21,2710
2014-09-12,22,2778
2014-09-12,23,2418
2014-09-13,0,1816
2014-09-13,1,1219
2014-09-13,2,783
2014-09-13,3,527
2014-09-13,4,363
2014-09-13,5,409
2014-09-13,6,489
2014-09-13,7,660
2014-09-13,8,934
2014-09-13,9,1062
2014-09-13,10,1301
2014-09-13,11,1458
2014-09-13,12,1523
2014-09-13,13,1794
2014-09-13,14,2733
2014-09-13,15,3056
2014-09-13,16,3024
2014-09-13,17,3023
2014-09-13,18,3437
2014-09-13,19,3332
2014-09-13,20,2601
2014-09-13,21,2625
2014-09-13,22,2577
2014-09-13,23,2459
2014-09-14,0,1804
2014-09-14,1,1261
2014-09-14,2,877
2014-09-14,3,550
2014-09-14,4,365
2014-09-14,5,383
2014-09-14,6,419
2014-09-14,7,566
2014-09-14,8,770
2014-09-14,9,969
2014-09-14,10,1123
2014-09-14,11,1359
2014-09-14,12,1323
2014-09-14,13,1512
2014-09-14,14,1587
2014-09-14,15,1786
2014-09-14,16,1903
2014-09-14,17,1870
2014-09-14,18,1796
2014-09-14,19,1624
2014-09-14,20,1521
2014-09-14,21,1237
2014-09-14,22,1012
2014-09-14,23,505
2014-09-15,0,257
2014-09-15,1,172
2014-09-15,2,158
2014-09-15,3,346
2014-09-15,4,571
2014-09-15,5,883
2014-09-15,6,1357
2014-09-15,7,1694
2014-09-15,8,1706
2014-09-15,9,1249
2014-09-15,10,1032
2014-09-15,11,1055
2014-09-15,12,1060
2014-09-15,13,1277
2014-09-15,14,1454
2014-09-15,15,1766
2014-09-15,16,2186
2014-09-15,17,2348
2014-09-15,18,2155
2014-09-15,19,1910
2014-09-15,20,1847
2014-09-15,21,1378
2014-09-15,22,1020
2014-09-15,23,573
2014-09-16,0,268
2014-09-16,1,139
2014-09-16,2,125
2014-09-16,3,220
2014-09-16,4,370
2014-09-16,5,797
2014-09-16,6,1668
2014-09-16,7,2308
2014-09-16,8,2511
2014-09-16,9,2021
2014-09-16,10,1804
2014-09-16,11,1360
2014-09-16,12,1265
2014-09-16,13,1407
2014-09-16,14,1757
2014-09-16,15,2129
2014-09-16,16,2542
2014-09-16,17,2744
2014-09-16,18,2582
2014-09-16,19,2279
2014-09-16,20,2123
2014-09-16,21,1793
2014-09-16,22,1233
2014-09-16,23,647
2014-09-17,0,363
2014-09-17,1,204
2014-09-17,2,156
2014-09-17,3,257
2014-09-17,4,437
2014-09-17,5,774
2014-09-17,6,1553
2014-09-17,7,1963
2014-09-17,8,1675
2014-09-17,9,1283
2014-09-17,10,1235
2014-09-17,11,1195
2014-09-17,12,1312
2014-09-17,13,1557
2014-09-17,14,1768
2014-09-17,15,2154
2014-09-17,16,2519
2014-09-17,17,2750
2014-09-17,18,2764
2014-09-17,19,2511
2014-09-17,20,2479
2014-09-17,21,2168
2014-09-17,22,1617
2014-09-17,23,837
2014-09-18,0,408
2014-09-18,1,242
2014-09-18,2,168
2014-09-18,3,273
2014-09-18,4,455
2014-09-18,5,857
2014-09-18,6,1439
2014-09-18,7,1914
2014-09-18,8,1820
2014-09-18,9,1349
2014-09-18,10,1280
2014-09-18,11,1319
2014-09-18,12,1303
2014-09-18,13,1603
2014-09-18,14,1866
2014-09-18,15,2272
2014-09-18,16,2685
2014-09-18,17,3133
2014-09-18,18,3225
2014-09-18,19,3206
2014-09-18,20,2877
2014-09-18,21,2836
2014-09-18,22,2271
2014-09-18,23,1473
2014-09-19,0,656
2014-09-19,1,432
2014-09-19,2,268
2014-09-19,3,374
2014-09-19,4,467
2014-09-19,5,784
2014-09-19,6,1403
2014-09-19,7,1799
2014-09-19,8,1770
2014-09-19,9,1380
2014-09-19,10,1322
2014-09-19,11,1307
2014-09-19,12,1356
2014-09-19,13,1570
2014-09-19,14,1919
2014-09-19,15,2267
2014-09-19,16,2510
2014-09-19,17,2896
2014-09-19,18,3210
2014-09-19,19,2936
2014-09-19,20,2625
2014-09-19,21,2758
2014-09-19,22,2709
2014-09-19,23,2299
2014-09-20,0,1701
2014-09-20,1,1164
2014-09-20,2,717
2014-09-20,3,499
2014-09-20,4,386
2014-09-20,5,373
2014-09-20,6,547
2014-09-20,7,741
2014-09-20,8,906
2014-09-20,9,1114
2014-09-20,10,1269
2014-09-20,11,1434
2014-09-20,12,1532
2014-09-20,13,1672
2014-09-20,14,1977
2014-09-20,15,2157
2014-09-20,16,2453
2014-09-20,17,2660
2014-09-20,18,2675
2014-09-20,19,2666
2014-09-20,20,2452
2014-09-20,21,2522
2014-09-20,22,2653
2014-09-20,23,2594
2014-09-21,0,2443
2014-09-21,1,2025
2014-09-21,2,1164
2014-09-21,3,583
2014-09-21,4,379
2014-09-21,5,400
2014-09-21,6,432
2014-09-21,7,561
2014-09-21,8,723
2014-09-21,9,932
2014-09-21,10,1122
2014-09-21,11,1258
2014-09-21,12,1348
2014-09-21,13,1474
2014-09-21,14,1549
2014-09-21,15,1565
2014-09-21,16,1683
2014-09-21,17,1654
2014-09-21,18,1684
2014-09-21,19,1530
2014-09-21,20,1378
2014-09-21,21,1230
2014-09-21,22,932
2014-09-21,23,571
2014-09-22,0,277
2014-09-22,1,165
2014-09-22,2,149
2014-09-22,3,346
2014-09-22,4,550
2014-09-22,5,943
2014-09-22,6,1357
2014-09-22,7,1671
2014-09-22,8,1606
2014-09-22,9,1186
2014-09-22,10,1135
2014-09-22,11,1069
2014-09-22,12,1048
2014-09-22,13,1201
2014-09-22,14,1391
2014-09-22,15,1643
2014-09-22,16,1879
2014-09-22,17,1943
2014-09-22,18,1934
2014-09-22,19,1801
2014-09-22,20,1740
2014-09-22,21,1550
2014-09-22,22,1072
2014-09-22,23,656
2014-09-23,0,332
2014-09-23,1,175
2014-09-23,2,125
2014-09-23,3,231
2014-09-23,4,383
2014-09-23,5,848
2014-09-23,6,1429
2014-09-23,7,1754
2014-09-23,8,1484
2014-09-23,9,1201
2014-09-23,10,1075
2014-09-23,11,1065
2014-09-23,12,1039
2014-09-23,13,1207
2014-09-23,14,1484
2014-09-23,15,1725
2014-09-23,16,1913
2014-09-23,17,2181
2014-09-23,18,2335
2014-09-23,19,2264
2014-09-23,20,2062
2014-09-23,21,1845
2014-09-23,22,1409
2014-09-23,23,750
2014-09-24,0,413
2014-09-24,1,220
2014-09-24,2,145
2014-09-24,3,267
2014-09-24,4,423
2014-09-24,5,804
2014-09-24,6,1410
2014-09-24,7,1741
2014-09-24,8,1536
2014-09-24,9,1245
2014-09-24,10,1176
2014-09-24,11,1242
2014-09-24,12,1122
2014-09-24,13,1349
2014-09-24,14,1659
2014-09-24,15,1924
2014-09-24,16,2127
2014-09-24,17,2302
2014-09-24,18,2271
2014-09-24,19,2001
2014-09-24,20,2005
2014-09-24,21,1816
2014-09-24,22,1350
2014-09-24,23,753
2014-09-25,0,382
2014-09-25,1,233
2014-09-25,2,181
2014-09-25,3,289
2014-09-25,4,436
2014-09-25,5,811
2014-09-25,6,1737
2014-09-25,7,2560
2014-09-25,8,2300
2014-09-25,9,2118
2014-09-25,10,1740
2014-09-25,11,1673
2014-09-25,12,1585
2014-09-25,13,1636
2014-09-25,14,1776
2014-09-25,15,2069
2014-09-25,16,2422
2014-09-25,17,2582
2014-09-25,18,2518
2014-09-25,19,2220
2014-09-25,20,2045
2014-09-25,21,2108
2014-09-25,22,1728
2014-09-25,23,1054
2014-09-26,0,606
2014-09-26,1,346
2014-09-26,2,239
2014-09-26,3,340
2014-09-26,4,406
2014-09-26,5,684
2014-09-26,6,1163
2014-09-26,7,1525
2014-09-26,8,1340
2014-09-26,9,1232
2014-09-26,10,1190
2014-09-26,11,1207
2014-09-26,12,1266
2014-09-26,13,1410
2014-09-26,14,1738
2014-09-26,15,2038
2014-09-26,16,2299
2014-09-26,17,2626
2014-09-26,18,3039
2014-09-26,19,2782
2014-09-26,20,2440
2014-09-26,21,2686
2014-09-26,22,2547
2014-09-26,23,2355
2014-09-27,0,1686
2014-09-27,1,1232
2014-09-27,2,751
2014-09-27,3,527
2014-09-27,4,361
2014-09-27,5,422
2014-09-27,6,530
2014-09-27,7,679
2014-09-27,8,871
2014-09-27,9,1091
2014-09-27,10,1276
2014-09-27,11,1434
2014-09-27,12,1459
2014-09-27,13,1712
2014-09-27,14,1889
2014-09-27,15,2230
2014-09-27,16,2438
2014-09-27,17,2562
2014-09-27,18,2787
2014-09-27,19,2683
2014-09-27,20,2366
2014-09-27,21,2863
2014-09-27,22,2909
2014-09-27,23,2710
2014-09-28,0,2087
2014-09-28,1,1410
2014-09-28,2,982
2014-09-28,3,659
2014-09-28,4,416
2014-09-28,5,477
2014-09-28,6,445
2014-09-28,7,589
2014-09-28,8,803
2014-09-28,9,990
2014-09-28,10,1216
2014-09-28,11,1494
2014-09-28,12,1481
2014-09-28,13,1605
2014-09-28,14,1760
2014-09-28,15,1828
2014-09-28,16,1937
2014-09-28,17,1811
2014-09-28,18,1800
2014-09-28,19,1568
2014-09-28,20,1415
2014-09-28,21,1253
2014-09-28,22,1009
2014-09-28,23,621
2014-09-29,0,329
2014-09-29,1,173
2014-09-29,2,150
2014-09-29,3,386
2014-09-29,4,582
2014-09-29,5,886
2014-09-29,6,1402
2014-09-29,7,1758
2014-09-29,8,1690
2014-09-29,9,1404
2014-09-29,10,1113
2014-09-29,11,1138
2014-09-29,12,1096
2014-09-29,13,1297
2014-09-29,14,1469
2014-09-29,15,1697
2014-09-29,16,1883
2014-09-29,17,1955
2014-09-29,18,2053
2014-09-29,19,1792
2014-09-29,20,1727
2014-09-29,21,1509
2014-09-29,22,1103
2014-09-29,23,609
2014-09-30,0,290
2014-09-30,1,165
2014-09-30,2,129
2014-09-30,3,235
2014-09-30,4,415
2014-09-30,5,867
2014-09-30,6,1582
2014-09-30,7,2030
2014-09-30,8,1866
2014-09-30,9,1274
2014-09-30,10,1183
2014-09-30,11,1214
2014-09-30,12,1176
2014-09-30,13,1538
2014-09-30,14,1704
2014-09-30,15,2128
2014-09-30,16,2370
2014-09-30,17,2682
2014-09-30,18,2625
2014-09-30,19,2404
2014-09-30,20,2246
2014-09-30,21,1961
2014-09-30,22,1347
